{"cameraMode":{"drawMode":0,"name":"Shaded","section":"Shading Mode"},"sceneLighting":true,"audioPlay":false,"sceneViewState":{"showFog":true,"showMaterialUpdate":true,"showSkybox":true,"showFlares":true,"showImageEffects":true,"showParticleSystems":true},"in2DMode":false,"pivot":{"x":72.87008666992188,"y":-18.242189407348634,"z":55.58184814453125},"rotation":{"x":-0.0904514417052269,"y":-0.4074448049068451,"z":0.04059594124555588,"w":-0.907832145690918},"size":122.7885513305664,"orthographic":false}