{"cameraMode":{"drawMode":0,"name":"Shaded","section":"Shading Mode"},"sceneLighting":true,"audioPlay":false,"sceneViewState":{"showFog":true,"showMaterialUpdate":true,"showSkybox":true,"showFlares":true,"showImageEffects":true,"showParticleSystems":true},"in2DMode":false,"pivot":{"x":-1.9762687683105469,"y":-1.8572998046875,"z":-2.2788498401641847},"rotation":{"x":0.1267419457435608,"y":-0.690383791923523,"z":0.12477975338697434,"w":0.7012394666671753},"size":84.53114318847656,"orthographic":false}