{"cameraMode":{"drawMode":0,"name":"Shaded","section":"Shading Mode"},"sceneLighting":true,"audioPlay":false,"sceneViewState":{"showFog":true,"showMaterialUpdate":true,"showSkybox":true,"showFlares":true,"showImageEffects":true,"showParticleSystems":true},"in2DMode":false,"pivot":{"x":5.8515238761901859,"y":-12.661287307739258,"z":3.086284637451172},"rotation":{"x":0.005357501097023487,"y":-0.9634929299354553,"z":0.2669810950756073,"w":0.019334305077791215},"size":61.66240692138672,"orthographic":false}