{"cameraMode":{"drawMode":0,"name":"Shaded","section":"Shading Mode"},"sceneLighting":true,"audioPlay":false,"sceneViewState":{"showFog":true,"showMaterialUpdate":true,"showSkybox":true,"showFlares":true,"showImageEffects":true,"showParticleSystems":true},"in2DMode":false,"pivot":{"x":7.29048490524292,"y":-0.3430511951446533,"z":13.249502182006836},"rotation":{"x":-0.10112076252698899,"y":0.31478962302207949,"z":-0.03374965116381645,"w":-0.9431559443473816},"size":11.257678031921387,"orthographic":false}