{"cameraMode":{"drawMode":0,"name":"Shaded","section":"Shading Mode"},"sceneLighting":true,"audioPlay":false,"sceneViewState":{"showFog":true,"showMaterialUpdate":false,"showSkybox":true,"showFlares":true,"showImageEffects":true,"showParticleSystems":true},"in2DMode":false,"pivot":{"x":13.730628967285157,"y":4.952410697937012,"z":18.0261287689209},"rotation":{"x":-0.03578237071633339,"y":0.9053309559822083,"z":-0.07787798345088959,"w":-0.4159695506095886},"size":18.78289794921875,"orthographic":false}