{"cameraMode":{"drawMode":0,"name":"Shaded","section":"Shading Mode"},"sceneLighting":true,"audioPlay":false,"sceneViewState":{"showFog":true,"showMaterialUpdate":true,"showSkybox":true,"showFlares":true,"showImageEffects":true,"showParticleSystems":true},"in2DMode":false,"pivot":{"x":4.463741302490234,"y":-5.450464248657227,"z":7.584930896759033},"rotation":{"x":0.15043798089027406,"y":-0.6966104507446289,"z":0.15307827293872834,"w":0.6845943331718445},"size":51.01206970214844,"orthographic":false}