{"cameraMode":{"drawMode":0,"name":"Shaded","section":"Shading Mode"},"sceneLighting":true,"audioPlay":false,"sceneViewState":{"showFog":true,"showMaterialUpdate":true,"showSkybox":true,"showFlares":true,"showImageEffects":true,"showParticleSystems":true},"in2DMode":false,"pivot":{"x":-50.69147491455078,"y":-53.681427001953128,"z":-6.511416435241699},"rotation":{"x":-0.2171434611082077,"y":0.6778455972671509,"z":-0.2207334190607071,"w":-0.6668214201927185},"size":113.4231948852539,"orthographic":false}