{"cameraMode":{"drawMode":0,"name":"Shaded","section":"Shading Mode"},"sceneLighting":true,"audioPlay":false,"sceneViewState":{"showFog":true,"showMaterialUpdate":true,"showSkybox":true,"showFlares":true,"showImageEffects":true,"showParticleSystems":true},"in2DMode":false,"pivot":{"x":9.836471557617188,"y":-9.131258010864258,"z":-7.040458679199219},"rotation":{"x":0.03328782692551613,"y":-0.962367594242096,"z":0.13838256895542146,"w":0.23149706423282624},"size":73.3841552734375,"orthographic":false}