{"cameraMode":{"drawMode":0,"name":"Shaded","section":"Shading Mode"},"sceneLighting":true,"audioPlay":false,"sceneViewState":{"showFog":true,"showMaterialUpdate":true,"showSkybox":true,"showFlares":true,"showImageEffects":true,"showParticleSystems":true},"in2DMode":false,"pivot":{"x":690.7568359375,"y":-860.3488159179688,"z":-199.65530395507813},"rotation":{"x":-0.24793623387813569,"y":-0.7303544878959656,"z":0.3343539535999298,"w":-0.5415878295898438},"size":1167.179931640625,"orthographic":false}