{"cameraMode":{"drawMode":0,"name":"Shaded","section":"Shading Mode"},"sceneLighting":true,"audioPlay":false,"sceneViewState":{"showFog":true,"showMaterialUpdate":true,"showSkybox":true,"showFlares":true,"showImageEffects":true,"showParticleSystems":true},"in2DMode":false,"pivot":{"x":498.4780578613281,"y":113.15474700927735,"z":4.568115234375},"rotation":{"x":0.006533482577651739,"y":-0.9838549494743347,"z":0.03672138229012489,"w":0.175038143992424},"size":460.59674072265627,"orthographic":false}