{"cameraMode":{"drawMode":0,"name":"Shaded","section":"Shading Mode"},"sceneLighting":true,"audioPlay":false,"sceneViewState":{"showFog":true,"showMaterialUpdate":true,"showSkybox":true,"showFlares":true,"showImageEffects":true,"showParticleSystems":true},"in2DMode":false,"pivot":{"x":28.05554962158203,"y":5.851474761962891,"z":-6.054679870605469},"rotation":{"x":-0.3263663947582245,"y":0.286705881357193,"z":-0.10459262132644654,"w":-0.8946201205253601},"size":40.010372161865237,"orthographic":false}