{"cameraMode":{"drawMode":0,"name":"Shaded","section":"Shading Mode"},"sceneLighting":true,"audioPlay":false,"sceneViewState":{"showFog":true,"showMaterialUpdate":false,"showSkybox":true,"showFlares":true,"showImageEffects":true,"showParticleSystems":true},"in2DMode":false,"pivot":{"x":19.00275993347168,"y":1.5081958770751954,"z":16.742725372314454},"rotation":{"x":-0.16521909832954408,"y":0.75014328956604,"z":-0.2042289674282074,"w":-0.6068592667579651},"size":7.520673751831055,"orthographic":false}