{"cameraMode":{"drawMode":0,"name":"Shaded","section":"Shading Mode"},"sceneLighting":true,"audioPlay":false,"sceneViewState":{"showFog":true,"showMaterialUpdate":true,"showSkybox":true,"showFlares":true,"showImageEffects":true,"showParticleSystems":true},"in2DMode":false,"pivot":{"x":-5.854766845703125,"y":32.946556091308597,"z":6.60968017578125},"rotation":{"x":-0.02784428745508194,"y":-0.9389278292655945,"z":-0.0782904326915741,"w":0.3339311182498932},"size":168.0898895263672,"orthographic":false}