{"cameraMode":{"drawMode":0,"name":"Shaded","section":"Shading Mode"},"sceneLighting":true,"audioPlay":false,"sceneViewState":{"showFog":true,"showMaterialUpdate":true,"showSkybox":true,"showFlares":true,"showImageEffects":true,"showParticleSystems":true},"in2DMode":false,"pivot":{"x":-55.408321380615237,"y":-2.847670555114746,"z":3.8857243061065676},"rotation":{"x":-0.05421796813607216,"y":0.6863817572593689,"z":-0.05144452303647995,"w":-0.7233906984329224},"size":55.115943908691409,"orthographic":false}