{"cameraMode":{"drawMode":0,"name":"Shaded","section":"Shading Mode"},"sceneLighting":false,"audioPlay":false,"sceneViewState":{"showFog":true,"showMaterialUpdate":false,"showSkybox":true,"showFlares":true,"showImageEffects":true,"showParticleSystems":true},"in2DMode":false,"pivot":{"x":-28.299779891967775,"y":12.720837593078614,"z":-4.6323699951171879},"rotation":{"x":0.22590458393096925,"y":0.6762797832489014,"z":-0.23074404895305634,"w":0.6620951890945435},"size":22.0,"orthographic":false}