{"cameraMode":{"drawMode":0,"name":"Shaded","section":"Shading Mode"},"sceneLighting":true,"audioPlay":false,"sceneViewState":{"showFog":true,"showMaterialUpdate":true,"showSkybox":true,"showFlares":true,"showImageEffects":true,"showParticleSystems":true},"in2DMode":false,"pivot":{"x":30.129322052001954,"y":-6.813506603240967,"z":78.2296142578125},"rotation":{"x":-0.05954122915863991,"y":-0.08807431906461716,"z":0.005273493006825447,"w":-0.9943189024925232},"size":114.45545196533203,"orthographic":false}