{"cameraMode":{"drawMode":0,"name":"Shaded","section":"Shading Mode"},"sceneLighting":true,"audioPlay":false,"sceneViewState":{"showFog":true,"showMaterialUpdate":true,"showSkybox":true,"showFlares":true,"showImageEffects":true,"showParticleSystems":true},"in2DMode":false,"pivot":{"x":-22.680706024169923,"y":6.419672012329102,"z":-8.7760009765625},"rotation":{"x":-0.01853216253221035,"y":0.9802730679512024,"z":-0.11254546046257019,"w":-0.16141538321971894},"size":109.83422088623047,"orthographic":false}