{"cameraMode":{"drawMode":0,"name":"Shaded","section":"Shading Mode"},"sceneLighting":true,"audioPlay":false,"sceneViewState":{"showFog":true,"showMaterialUpdate":true,"showSkybox":true,"showFlares":true,"showImageEffects":true,"showParticleSystems":true},"in2DMode":false,"pivot":{"x":89.07395935058594,"y":-51.76031494140625,"z":-46.268638610839847},"rotation":{"x":-0.15313950181007386,"y":-0.7519842982292175,"z":0.18785908818244935,"w":-0.6130064725875855},"size":122.7885513305664,"orthographic":false}